L1,L2,L3,L4,SUTO2,SUTO1
0.0,0.0,0,0,0,0.0
0.0,0.0,0,0,0,0.0
1.1,2.2,0,1,1,3.2
1.1,2.2,0,1,1,3.2
0.0,0.0,0,0,0,0.0
0.0,0.0,0,0,0,0.0
5.0,10.0,0,5,5,15.0
5.0,10.0,0,5,5,15.0
5.0,10.0,2,3,3,13.0
5.0,10.0,2,3,3,13.0
5.0,10.0,4,1,1,11.0
5.0,10.0,4,1,1,11.0
5.0,10.0,6,-1,-1,9.0
5.0,10.0,6,-1,-1,9.0
5.0,10.0,8,-3,-3,7.0
5.0,10.0,8,-3,-3,7.0
