Time,SUTO1,SUTO2
0.0,0.0,0
0.01,0.0,0
0.02,3.2,1
0.03,3.2,1
0.04,0.0,0
0.05,0.0,0
0.06,15.0,5
0.07,15.0,5
0.08,13.0,3
0.09,13.0,3
0.1,11.0,1
0.11,11.0,1
0.12,9.0,-1
0.13,9.0,-1
0.14,7.0,-3
0.15,7.0,-3
